ID,Domain,Text,Label,Abstract
JG_0,JG,每经记者：肖世清每经编辑：易启江央行网站6月28日消息，中国人民银行货币政策委员会2021年第二季度（总第93次）例会（以下简称会议）近日在京召开。在利率方面，上述会议指出：“健全市场化利率形成和传导机制，完善央行政策利率体系，优化存款利率监管，调整存款利率自律上限确定方式，继续释放贷款市场报价利率改革潜力，推动实际贷款利率进一步降低。”对比货币政策委员会一季度例会，本次会议内容有什么变化呢？宏观分析师周茂华在接受每经记者采访时表示，在宏观经济研判上略有变化。二季度例会提及国内经济稳中加固、稳中向好，较一季度例会“经济恢复进程仍不平衡”略有变化，主要是二季度以来，国内疫情持续受控，国内托底政策继续支持，内需稳步恢复，加之海外需求回暖，国内经济延续平稳恢复态势。综合施策支持区域协调发展会议指出，当前我国经济运行稳中加固、稳中向好，但国内外环境依然复杂严峻。要加强国内外经济形势的研判分析，加强国际宏观经济政策协调，防范外部冲击，集中精力办好自己的事，搞好跨周期政策设计，支持经济高质量发展。在货币政策方面，会议指出，稳健的货币政策要灵活精准、合理适度，把握好政策时度效，保持流动性合理充裕，保持货币供应量和社会融资规模增速同名义经济增速基本匹配，保持宏观杠杆率基本稳定。对比一季度例会，每经记者发现，“维护经济大局总体平稳，增强经济发展韧性”为新增内容。对此，宏观分析师周茂华对记者表示，主要是目前我国仍面临严峻复杂的内外环境，国内内需元气恢复期，脱贫攻坚巩固期，供给侧结构性改革关键期，海外防疫和经济复苏不确定性，大宗商品市场异常波动等，国内需要继续统筹防疫、经济恢复和改革关系，扎实做好六稳工作、落实好六保任务，维护经济大局稳定，为应对各项外部冲击，稳步深化改革开放打牢“地基“，随着改革开放红利逐步释放，经济结构进一步优化、效率提升，经济发展韧性将随之增强。招联金融首席研究员董希淼对记者称，疫情发生后，我国货币政策灵活适度，市场流动性合理充裕，加大了对实体经济的支持和服务，但不搞“大水漫灌”。6月21日，LPR第14个月按兵不动，传递出货币政策保持稳定性和可持续性的信号，也是“珍惜正常的货币政策空间”的体现。这表明，我国近期货币政策既不会收紧也不会放松，而是坚持“稳”字当头，这有助于稳定市场预期，也有利于更好地防范金融风险。会议还指出，进一步发挥好再贷款、再贴现和直达实体经济货币政策工具等措施的牵引带动作用，落实好普惠小微企业贷款延期还本付息政策和信用贷款支持计划延期工作，综合施策支持区域协调发展，加大力度支持普惠金融，引导金融机构加大对科技创新、小微企业和绿色发展等领域的支持。“下一步，更多运用结构性货币政策工具，提高精准性、直达性，加大对小微企业、乡村振兴、科技创新、绿色发展等重点领域和薄弱环节的支持服务。”董希淼如是说。推动实际贷款利率进一步降低前不久，《每日经济新闻》记者获悉，经利率自律机制讨论，拟将商业银行存款利率上限的定价方式，由现行的“基准利率×倍数”改为“基准利率+基点”；在转换定价方式的同时，对不同类型的商业银行设置不同的最高加点上限。而本次例会也提到存款利率上限定价方式的调整，会议指出：“健全市场化利率形成和传导机制，完善央行政策利率体系，优化存款利率监管，调整存款利率自律上限确定方式，继续释放贷款市场报价利率改革潜力，推动实际贷款利率进一步降低。”有市场分析人士在接受《每日经济新闻》记者采访时表示，国内优化存款市场监管，加强机构自律有助于防范市场高息揽储非理性竞争，本次改革对金融市场影响有限。同时，从中长期看，有助于提升市场资源配置和政策传导效率。值得注意的是，本次例会提到“研究设立碳减排支持工具”。会议具体指出，构建金融有效支持实体经济的体制机制，完善金融支持创新体系，引导金融机构增加制造业中长期贷款，努力做到金融对民营企业的支持与民营企业对经济社会发展的贡献相适应，研究设立碳减排支持工具，以促进实现碳达峰、碳中和为目标完善绿色金融体系。在人民币汇率方面，会议指出，深化汇率市场化改革，增强人民币汇率弹性，引导企业和金融机构坚持“风险中性”理念，加强预期管理，促进内外平衡，保持人民币汇率在合理均衡水平上的基本稳定。每日经济新闻,0,每经记者：肖世清每经编辑：易启江央行网站6月28日消息，中国人民银行货币政策委员会2021年第二季度（总第93次）例会（以下简称会议）近日在京召开。在利率方面，上述会议指出：“健全市场化利率形成和传导机制，完善央行政策利率体系，优化存款利率监管，调整存款利率自律上限确定方式，继续释放贷款市场报价利率改革潜力，推动实际贷款利率进一步降低。”对比货币政策委员会一季度例会，本次会议内容有什么变化呢？宏观分析师周茂华在接受每经记者采访时表示，在宏观经济研判上略有变化。二季度例会提及国内经济稳中加固、稳中向好，较一季度例会“经济恢复进程仍不平衡”略有变化，主要是二季度以来，国内疫情持续受控，国内托底政策继续支持，内需稳步恢复，加之海外需求回暖，国内经济延续平稳恢复态势。
JG_1,JG,"6月30日，央行网站消息称，近日，人民银行、银保监会、证监会、财政部、农业农村部、乡村振兴局联合发布《关于金融支持巩固拓展脱贫攻坚成果全面推进乡村振兴的意见》（以下简称《意见》）。每经记者注意到，《意见》对银行业金融机构提出了一系列要求。例如，在强化对银行业金融机构的激励约束方面，《意见》指出，强化对银行业金融机构服务乡村振兴的资金支持、落实财税奖补政策和风险分担机制、加强考核评价和监管约束。其中，针对银行业金融机构的考核评价及监管约束，《意见》指出：“适度提高涉农贷款风险容忍度，涉农贷款不良率高出自身各项贷款不良率年度目标3个百分点（含）以内的，可不作为监管部门监管评价和银行业金融机构内部考核评价的扣分因素。落实好商业银行绩效评价办法。”鼓励银行业金融机构逐步提高发放信用贷款的比重《意见》提出，金融机构要围绕巩固拓展脱贫攻坚成果、加大对国家乡村振兴重点帮扶县的金融资源倾斜、强化对粮食等重要农产品的融资保障、建立健全种业发展融资支持体系、支持构建现代乡村产业体系、增加对农业农村绿色发展的资金投入、研究支持乡村建设行动的有效模式、做好城乡融合发展的综合金融服务等八个重点领域，加大金融资源投入。《每日经济新闻》记者注意到，《意见》对银行业金融机构提升服务能力提出了明确要求，督促银行业金融机构健全农村金融组织体系、改进内部资源配置和政策安排、强化金融科技赋能。例如，在改进内部资源配置和政策安排上,《意见》指出，鼓励银行业金融机构改革内部资金转移定价机制，加大对涉农业务的支持力度。对于国家乡村振兴重点帮扶县，全国性银行要制定明确的内部资金转移定价优惠方案，中小银行可结合自身实际合理确定优惠幅度。鼓励银行业金融机构完善内部绩效考核，在分支机构综合绩效考核中明确涉农业务的权重，并将金融管理部门对金融机构服务乡村振兴情况的考核评估结果纳入对分支机构的考核，与分支机构及其班子成员评先评优、薪酬激励、奖金分配挂钩。改进贷款尽职免责内部认定标准和流程，明确从业人员尽职免责范围，在有效防范道德风险的前提下，探索对涉农贷款不良率符合监管规定的业务网点，其从业人员免于问责。此外，《意见》要求金融机构强化金融科技赋能。鼓励银行业金融机构运用大数据、云计算等技术，有效整合涉农主体的信用信息，优化风险定价和管控模型，提高客户识别和信贷投放能力，减少对抵押担保的依赖，逐步提高发放信用贷款的比重。发展农村数字普惠金融，依托5G、智能终端等技术，开发线上服务平台或移动应用程序，推进全流程数字化的移动展业，支持涉农主体通过线上渠道自主获取金融服务，打造线上线下有机融合的服务模式，破解农村偏远地区网点布局难题。开展金融科技赋能乡村振兴示范工程，探索运用新一代信息技术因地制宜打造惠农利民金融产品与服务。适度提高银行业金融机构涉农贷款风险容忍度除了对银行业金融机构提出有关乡村振兴的金融支持要求外，与此同时，《意见》明确，通过资金支持、财税奖补和风险分担、考核评价和监管约束等措施，强化对银行业金融机构的激励约束。在强化对银行业金融机构服务乡村振兴的资金支持方面，《意见》提出对机构法人在县域且业务在县域的金融机构实施最优惠的存款准备金率。运用支农支小再贷款、再贴现等政策工具引导地方法人金融机构扩大对乡村振兴的信贷投放。存量扶贫再贷款可按照现行规定进行展期，适度向乡村振兴重点帮扶县倾斜。鼓励银行业金融机构多渠道补充资本，通过发行金融债券筹集资金，提高放贷能力，拓宽可贷资金来源。在落实财税奖补政策和风险分担机制方面，积极宣传农户和小微企业金融服务税收优惠政策，提高政策知晓度和覆盖面。加强普惠金融发展专项资金保障，确保资金及时足额拨付到位。深化银担合作机制，逐步减少对贷款项目的重复调查和评估，明确风险分担比例和启动条件。充分发挥全国农业信贷担保体系、国家融资担保基金作用，坚持政策性定位，努力做大担保业务规模，根据合作担保机构支农业务规模降低或减免担保费用。加强对农业信贷担保体系的绩效评价，提高放大倍数在绩效评价中的权重，评价结果与中央财政奖补资金规模挂钩。推动地方政府在贷款清收处置等方面提供协助。在加强考核评价和监管约束上，《意见》指出，过渡期内，对位于国家乡村振兴重点帮扶县的银行业金融机构，继续开展金融帮扶政策效果评估工作，督促金融机构加大对国家乡村振兴重点帮扶县的资源倾斜。全面开展金融机构服务乡村振兴考核评估，加强评估结果运用。适度提高涉农贷款风险容忍度，涉农贷款不良率高出自身各项贷款不良率年度目标3个百分点（含）以内的，可不作为监管部门监管评价和银行业金融机构内部考核评价的扣分因素。落实好商业银行绩效评价办法。每日经济新闻",1,6月30日，央行网站消息称，近日，人民银行、银保监会、证监会、财政部、农业农村部、乡村振兴局联合发布《关于金融支持巩固拓展脱贫攻坚成果全面推进乡村振兴的意见》（以下简称《意见》）。每经记者注意到，《意见》对银行业金融机构提出了一系列要求。例如，在强化对银行业金融机构的激励约束方面，《意见》指出，强化对银行业金融机构服务乡村振兴的资金支持、落实财税奖补政策和风险分担机制、加强考核评价和监管约束。其中，针对银行业金融机构的考核评价及监管约束，《意见》指出：“适度提高涉农贷款风险容忍度，涉农贷款不良率高出自身各项贷款不良率年度目标3个百分点（含）以内的，可不作为监管部门监管评价和银行业金融机构内部考核评价的扣分因素。
JG_2,JG,中国银保监会微信公众号6月30日消息，6月25日，农业农村部、银保监会、国家乡村振兴局联合召开全国脱贫人口小额信贷工作电视电话会议，深入学习贯彻习近平总书记重要指示精神，全面落实党中央、国务院关于巩固拓展脱贫攻坚成果同乡村振兴有效衔接的部署要求，认真总结扶贫小额信贷工作的成功经验，深入分析当前面临的形势任务，安排部署接续做好脱贫人口小额信贷重点工作。中央农办副主任，农业农村部党组副书记、副部长刘焕鑫，银保监会党委委员、副主席梁涛出席会议并讲话。国家乡村振兴局副局长夏更生主持会议，财政部、人民银行相关负责同志出席会议。会议指出，扶贫小额信贷在破解贫困群众发展产业贷款难题、增强贫困群众内生动力等方面发挥了重要作用，为打赢脱贫攻坚战作出了重要贡献。进入新发展阶段，巩固拓展脱贫攻坚成果、全面推进乡村振兴、加快实现农业农村现代化，需要进一步做好脱贫人口小额信贷工作。会议强调，各地要认真落实银保监会、财政部、人民银行、国家乡村振兴局联合印发的《关于深入扎实做好过渡期脱贫人口小额信贷工作的通知》要求，统一思想、压实责任，加强协作、密切配合，开拓进取、狠抓落实，健全工作制度，落实政策措施，完善工作平台，扎实推进重点工作，对符合贷款条件的脱贫群众“应贷尽贷”，推动脱贫人口小额信贷工作提档升级，为巩固拓展脱贫攻坚成果、全面推进乡村振兴作出新的贡献。黑龙江省农业农村厅、安徽省乡村振兴局、陕西银保监局、宁夏回族自治区乡村振兴局、湖北省十堰市郧阳区、贵州省农村信用社联合社等单位负责同志在会上作了交流发言。农业农村部、银保监会、国家乡村振兴局有关司局负责同志，28个省（区、市）农业农村、银行保险监管、乡村振兴、财政、人民银行等部门相关负责同志，新疆生产建设兵团相关部门负责同志参加会议。,1,中国银保监会微信公众号6月30日消息，6月25日，农业农村部、银保监会、国家乡村振兴局联合召开全国脱贫人口小额信贷工作电视电话会议，深入学习贯彻习近平总书记重要指示精神，全面落实党中央、国务院关于巩固拓展脱贫攻坚成果同乡村振兴有效衔接的部署要求，认真总结扶贫小额信贷工作的成功经验，深入分析当前面临的形势任务，安排部署接续做好脱贫人口小额信贷重点工作。中央农办副主任，农业农村部党组副书记、副部长刘焕鑫，银保监会党委委员、副主席梁涛出席会议并讲话。国家乡村振兴局副局长夏更生主持会议，财政部、人民银行相关负责同志出席会议。会议指出，扶贫小额信贷在破解贫困群众发展产业贷款难题、增强贫困群众内生动力等方面发挥了重要作用，为打赢脱贫攻坚战作出了重要贡献。
JG_3,JG,图片来源：微摄中国金融网讯6月25日，农业农村部、银保监会、国家乡村振兴局联合召开全国脱贫人口小额信贷工作电视电话会议，深入学习贯彻习近平总书记重要指示精神，全面落实党中央、国务院关于巩固拓展脱贫攻坚成果同乡村振兴有效衔接的部署要求，认真总结扶贫小额信贷工作的成功经验，深入分析当前面临的形势任务，安排部署接续做好脱贫人口小额信贷重点工作。中央农办副主任，农业农村部党组副书记、副部长刘焕鑫，银保监会党委委员、副主席梁涛出席会议并讲话。国家乡村振兴局副局长夏更生主持会议，财政部、人民银行相关负责同志出席会议。会议指出，扶贫小额信贷在破解贫困群众发展产业贷款难题、增强贫困群众内生动力等方面发挥了重要作用，为打赢脱贫攻坚战作出了重要贡献。进入新发展阶段，巩固拓展脱贫攻坚成果、全面推进乡村振兴、加快实现农业农村现代化，需要进一步做好脱贫人口小额信贷工作。会议强调，各地要认真落实银保监会、财政部、人民银行、国家乡村振兴局联合印发的《关于深入扎实做好过渡期脱贫人口小额信贷工作的通知》要求，统一思想、压实责任，加强协作、密切配合，开拓进取、狠抓落实，健全工作制度，落实政策措施，完善工作平台，扎实推进重点工作，对符合贷款条件的脱贫群众“应贷尽贷”，推动脱贫人口小额信贷工作提档升级，为巩固拓展脱贫攻坚成果、全面推进乡村振兴作出新的贡献。黑龙江省农业农村厅、安徽省乡村振兴局、陕西银保监局、宁夏回族自治区乡村振兴局、湖北省十堰市郧阳区、贵州省农村信用社联合社等单位负责同志在会上作了交流发言。农业农村部、银保监会、国家乡村振兴局有关司局负责同志，28个省（区、市）农业农村、银行保险监管、乡村振兴、财政、人民银行等部门相关负责同志，新疆生产建设兵团相关部门负责同志参加会议。,1,图片来源：微摄中国金融网讯6月25日，农业农村部、银保监会、国家乡村振兴局联合召开全国脱贫人口小额信贷工作电视电话会议，深入学习贯彻习近平总书记重要指示精神，全面落实党中央、国务院关于巩固拓展脱贫攻坚成果同乡村振兴有效衔接的部署要求，认真总结扶贫小额信贷工作的成功经验，深入分析当前面临的形势任务，安排部署接续做好脱贫人口小额信贷重点工作。中央农办副主任，农业农村部党组副书记、副部长刘焕鑫，银保监会党委委员、副主席梁涛出席会议并讲话。国家乡村振兴局副局长夏更生主持会议，财政部、人民银行相关负责同志出席会议。会议指出，扶贫小额信贷在破解贫困群众发展产业贷款难题、增强贫困群众内生动力等方面发挥了重要作用，为打赢脱贫攻坚战作出了重要贡献。
JG_4,JG,在2021年5月7日展开的中国第一届消博会上，专家隆国强表示，中国的消费率仅有39%，远远低于国际上GDP程度相近的国家。虽然居民消费率略有些“不尽如人意”，但是中国的储蓄率一直高居全球前茅。自古以来，中国人向来拥有“未雨绸缪”的观念，无论何时手中都要备一些余钱才安心。因为储蓄观念多年来深入人心，致使中国的储蓄率一直位居全球首位。央行前行长周小川在2020年曾经公开表示，目前中国的储蓄率大约为44.6%。目前央行已经发布了最新的5月份金融报告，据悉，人民币的余额多增加了2.56万亿元，总余额高达222.76万亿元，同比增长8.9%。对于老百姓来说，如果手中有余钱，相信大多数人都会选择到银行办理存储。得益于中国人热衷存钱的传统观念，中国的金融机构数量庞大，根据银保监会的数据显示，现在中国的银行数量大约达到了4600余家之多。5家银行出问题后，又有6家银行被罚当储户去存钱时，首选一些比较有名的大银行，比如国有6大银行。不过，大银行就一定是“万无一失”的吗？其实也不见得。在2021年6月8日，银保监会一连开了6张“罚单”，处罚了包括招商银行、浦发银行、广发银行、邮储银行4家位于北京的分支机构，据悉，被银保监会处罚的原因是因为违规经营贷款，总共处罚了530万元。除此之外，银行早有被处罚的“先例”。早在2020年7月8日，银保监会就点名批评了国内的5家金融机构。据悉，存在违规问题的5家银行分别是大连银行、浦东发展银行、中国农业银行、中国农业发展银行和北京农商银行。银保监会的职能之一就是要对全国的金融机构进行统一的监督管理，只要银行一旦有违规情况，银保监会势必会对其下发处罚《通报》。在2021年5月21日，银保监会再次查处了5家银行，其中招商银行因为内部违规交易等多项违法行为导致被罚170万的罚款，而剩下的银行还有中国银行、华夏银行、东亚银行和渤海银行，罚款累计加起来高达3.66亿元之多。既然是遭到了处罚，那定然是触犯到了法律的界限。根据银保监会披露的信息显示，被点名的银行都存在着违规经营的问题。银行捆绑收费和胡乱收费有些储户到银行办理相关存取手续时，有可能会被银行职员“忽悠”，其一是收取某一部分的费用，却没有落实到这部分工作，也就是“多收钱不做事”；其二是违反国家的监管定价，收取超出公示标准的费用。有些储户一不小心就跌进“胡乱收费”的陷阱里，在不知情的情况下多给银行“送了”一笔钱，等到事后回过神来，已经“有理说不清”了。除了胡乱收费外，还有“捆绑收费”。简答来说，当储户想要办理一些项目时，银行职员会推出相应的理财或保险产品，如果不购买，将不能给储户完成这项办理，有一种“强制”的意味。或者是银行故意“混淆视听”，不对储户坦诚告知购买的产品的风险评估，如果购买的产品日后出现问题或亏损，蒙受亏钱之灾的往往还是储户本人。专家表示：预防风险难度不大，储户多多留心银行作为金融机构，自然是要赚钱的。但是，赚钱的方法和门道都有很多，如果是建立在侵害储户合法利益的基础上，银行的违规行为就不得不被权威机构点名批评。对此，有专家提出建议，以上2类容易“踩雷”的违规项目其实不难规避。众所周知，在银行办理业务时都会签订一份合同条款，合同条款里的内容会写得非常清晰明白，如果有遇到不明白的地方，可以及时咨询；或者是遇到超出想象的收费时，问清楚收费的公示项目，以免在银行“上当受骗”。虽然银行被点名批评的新闻时有发生，但是这不代表国内的所有金融机构都存在着违规经营的乱象，大多数银行还是深受储户信赖的，毕竟储户就是银行的主要客户，如果银行砸了自己的招牌，无异于会失去储蓄的信任，想必这种情况，是很多银行都不愿意看到的。你在选择银行时有什么“诀窍”吗？可以跟大家分享一下？,0,在2021年5月7日展开的中国第一届消博会上，专家隆国强表示，中国的消费率仅有39%，远远低于国际上GDP程度相近的国家。虽然居民消费率略有些“不尽如人意”，但是中国的储蓄率一直高居全球前茅。自古以来，中国人向来拥有“未雨绸缪”的观念，无论何时手中都要备一些余钱才安心。因为储蓄观念多年来深入人心，致使中国的储蓄率一直位居全球首位。央行前行长周小川在2020年曾经公开表示，目前中国的储蓄率大约为44.6%。目前央行已经发布了最新的5月份金融报告，据悉，人民币的余额多增加了2.56万亿元，总余额高达222.76万亿元，同比增长8.9%。对于老百姓来说，如果手中有余钱，相信大多数人都会选择到银行办理存储。
JG_5,JG,丨来源：中国人民银行微信为贯彻落实2021年《政府工作报告》有关“适当降低小微企业支付手续费”的工作部署以及国务院关于降低自动取款机（ATM）跨行取现手续费的工作要求，近日，人民银行、银保监会、发展改革委、市场监管总局联合推出降费措施，进一步向实体经济让利。近年来，支付产业各方持续优化支付服务供给，积极推出减费让利措施。新冠肺炎疫情暴发后，人民银行鼓励、引导支付服务主体降费让利，纾困重点地区、行业和小微企业等市场主体。近期，在对近5万家小微企业、个体工商户进行调研的基础上，人民银行会同银保监会、发展改革委、市场监管总局，聚焦降费呼声高、使用频度高的基础支付服务，提出12项降费措施，并将于2021年9月30日起正式实施，涵盖银行账户服务、人民币结算、电子银行、银行卡刷卡、支付账户服务等5方面。此外，人民银行配合银保监会推出降低自动取款机（ATM）跨行取现手续费长期措施，适应异地养老、医疗等需求，便利百姓现金使用。其中，涉及政府定价及政府指导价的降费措施，由人民银行会同银保监会、发展改革委、市场监管总局印发《关于降低小微企业和个体工商户支付手续费的通知》明确具体要求；属于市场定价的降费措施，人民银行、银保监会指导相关行业协会，发挥行业自律机制作用，鼓励引导商业银行、支付机构等加大惠企利民力度。降费措施聚焦小微企业、个体工商户，同时惠及其他市场主体及金融消费者，兼顾减费让利和行业可持续发展，降费主体涉及商业银行、支付机构、清算机构。初步测算，全部降费措施实施后预计每年为市场主体、社会公众减少手续费支出约240亿元，其中惠及小微企业、个体工商户超过160亿元，有助于降低资金流通成本，进一步优化营商环境，促进消费提质扩容，对助力国民经济高质量发展发挥积极作用。下一步，人民银行、银保监会、发展改革委、市场监管总局将密切跟进降费措施落地情况及实施效果，确保直达基层、直接惠及市场主体，并根据经济社会需要、支付市场发展情况，持续推进支付服务提质增效，更好服务实体经济发展和民生改善。关注更多要闻上国务院客户端小程序查看《关于降低小微企业和个体工商户支付手续费的通知》，请点击“阅读原文”。,0,丨来源：中国人民银行微信为贯彻落实2021年《政府工作报告》有关“适当降低小微企业支付手续费”的工作部署以及国务院关于降低自动取款机（ATM）跨行取现手续费的工作要求，近日，人民银行、银保监会、发展改革委、市场监管总局联合推出降费措施，进一步向实体经济让利。近年来，支付产业各方持续优化支付服务供给，积极推出减费让利措施。新冠肺炎疫情暴发后，人民银行鼓励、引导支付服务主体降费让利，纾困重点地区、行业和小微企业等市场主体。近期，在对近5万家小微企业、个体工商户进行调研的基础上，人民银行会同银保监会、发展改革委、市场监管总局，聚焦降费呼声高、使用频度高的基础支付服务，提出12项降费措施，并将于2021年9月30日起正式实施，涵盖银行账户服务、人民币结算、电子银行、银行卡刷卡、支付账户服务等5方面。
JG_6,JG,导读加码调控与信贷严管落实“三稳”，租赁、税改等长效措施料将加快上半年总结01中央继续坚持房住不炒、因城施策，约谈13城监督落实“三稳”上半年，在“房住不炒、因城施策”的政策大环境下，中央从全局角度出发，全面、精准把控全国房地产市场，并针对市场过热的城市适时预警、及时纠偏，确保稳地价、稳房价、稳预期目标落到实处。上半年，中央就房地产市场密集发声，严格落实“房住不炒”的政策主基调。1月6日，住建部部长王蒙徽强调，要3月5日，全国两会召开，李克强总理作政府工作报告，提出要4月30日，中央政治局会议召开，会议强调坚持房子是用来住的、不是用来炒的定位，增加保障性租赁住房和共有产权住房供给，并6月10日，银保监会主席郭树清既发表“房地产是最大灰犀牛”言论后再次预警楼市，称与此同时，具体而言，1、2月，住建部副部长倪虹率队赴3月23日，住建部02土地出让金划转税务部门征收，长期利于控制并压降地方政府杠杆率……略……03以严打经营贷为主、调升房贷利率为辅，信贷资金管控全面趋紧上半年，房地产贷款集中度管理制度效果日渐显现。信贷资金用途合规性审查趋严，谨防资金违规流入房地产市场。3月26日，银保监会、住建部和央行三部委全面收紧经营贷监管此外，受信贷收紧影响，2月开始，全国房贷利率止跌回升，并趋势性上移。热点城市房贷利率调整尤为频繁，5月，深圳、广州、苏州、宁波、杭州等相继上调首套房、二套房贷款利率。04西安、合肥等24城升级调控并下沉到县市，上海连番7次加码（本节有删减）上半年，各地政府落实城市主体责任，因城施策、综合施治，促进房地产市场平稳健康发展。湖州、西安、合肥、嘉兴、绍兴等24市相继升级调控，主要涉及升级限购、升级限贷、升级限价、升级限售、增加房地产交易税费、设立二手房参考价格、新房积分摇号等内容。上半年地方调控政策还呈现三大特征：其一，调控下沉到县市，政策严苛程度甚至超过主城区；其二，上海俨然是本轮房地产调控的风向标，上半年政策连番7次加码；其三，成都、南通、衢州等政策力度相对温和，难以实质性扭转市场预期。其一，调控下沉到县市，义乌、江山、龙游等县市出台调控新政，政策严苛程度甚至超过主城区。其二，上海仍然是近期房地产调控风向标，上半年政策连番7次加码。其三，成都、南通、衢州等政策力度相对温和，难以实质性扭转市场预期。0522城集中供地以期平抑地价，上海、武汉试行新房集中供应以稳预期……略……下半年展望06租赁、房产税改等调控长效措施出台料将提速，供需两端落实“三稳”我们认为房地产长效机制改革将步入“深水区”，尤其是租赁住房供给和房地产税制改革或将提速，速度和力度都要高于市场预期，通过在供需两端持续发力，全面落实稳地价、稳房价、稳预期的房地产调控目标。供应端主要涉及以下三点：其一，其二，其三，需求端主要涉及以下三点：其一，其二，其三，基于税收法定原则，只有完成房地产税立法，才能全面免征收房地产税，理论上，距离房地产税全面征收似乎有较长时间周期。但我们认为，在目前形势下，07热点城市坚持调控力度不松劲，压力城市积极去库存为市场减压房地产政策层面将继续坚持“房住不炒、因城施策”的政策主基调，夯实城市政府主体责任，切实将稳地价、稳房价、稳预期落到实处热点城市仍需坚持调控目标不动摇、力度不松劲，维稳房地产市场其一，其二，其三，压力城市仍需积极去库存，为市场减压其一，其二，其三，附表：202资料整理：CRIC本文为《2021上半年中国房地产总结与展望：政策篇》删减版排版|Jenny本文版权归转载注明出处：,0,导读加码调控与信贷严管落实“三稳”，租赁、税改等长效措施料将加快上半年总结01中央继续坚持房住不炒、因城施策，约谈13城监督落实“三稳”上半年，在“房住不炒、因城施策”的政策大环境下，中央从全局角度出发，全面、精准把控全国房地产市场，并针对市场过热的城市适时预警、及时纠偏，确保稳地价、稳房价、稳预期目标落到实处。上半年，中央就房地产市场密集发声，严格落实“房住不炒”的政策主基调。1月6日，住建部部长王蒙徽强调，要3月5日，全国两会召开，李克强总理作政府工作报告，提出要4月30日，中央政治局会议召开，会议强调坚持房子是用来住的、不是用来炒的定位，增加保障性租赁住房和共有产权住房供给，并6月10日，银保监会主席郭树清既发表“房地产是最大灰犀牛”言论后再次预警楼市，称与此同时，具体而言，1、2月，住建部副部长倪虹率队赴3月23日，住建部02土地出让金划转税务部门征收，长期利于控制并压降地方政府杠杆率……略……03以严打经营贷为主、调升房贷利率为辅，信贷资金管控全面趋紧上半年，房地产贷款集中度管理制度效果日渐显现。
JG_7,JG,众所周知，买房一直都是我国人民的刚需之一，但是增速越来越快的房价却让很多人对买房望而却步，不过随着近几年我国对房价的反复调控，如今的房价虽然还很高，但增速已经开始放缓，据有关机构资料显示，截至2021年5月，我国百城新建住宅的价格为每平米16006元，环比仅上涨了0.34%。但是增速放缓并不能解决因房价过高大部分人买不起房的问题，迫于高房价，如今很多人想要买房只能选择贷款，据有关机构资料显示，如今我国需要还住房贷款的人已经超过了4亿，而房贷在这些人的总负债中占比达到了75.9%，可以说房贷对很多人来说都是一个很沉重的压力。不过让很多人没想到的是，在房价仍居高不下的今天，房贷利率也出现了上涨，像惠州各大银行的房贷利率就已经上调为首套5.6%至6.2%，而二套房的房贷利率甚至高达6%至6.5%，而其他城市的平均房贷利率也都出现了程度不同的上涨。据有关机构数据显示，截至2021年5月，我国42个重点城市的首套房贷款平均利率为5.33%，环比上涨了0.02%，而二套房贷款的平均利率为5.61%，同样环比上涨0.02%。至此，有的专家表示，房贷利率的上涨并不是一时的，6月以后，房贷利率或将迎来全面上涨，那么到底是什么原因导致房贷利率出现上涨呢？房地产行业“降温”其实房贷利率会上涨的一部分原因是为了让房地产市场“降温”，其实在2021年初，我国银保监会就推出过一个通知，其中提出银行业金融机构要对房地产贷款集中度进行分档设定，而购房者的个人贷款也被相应划分了档次。因为房地产行业发展到今天，金融属性已经大幅度超过了居住属性，很多人购买房产已经不再是单纯的满足居住需求，而是为了投资，这就导致大量的金钱流入楼市，形成了房地产泡沫，所以这也是近几年我国提出“房住不炒”基本政策的原因。所以对房地产贷款进行分档设定也就是限制银行的房贷占比之后，房地产泡沫也会得到一定程度的遏制，而房贷利率的上涨也是为了遏制房地产泡沫的壮大，银行为了收紧房地产贷款，自然就上涨了利率。打击炒房客另一方面则是为了打击压制炒房客，因为首套房、二套房的房贷利率都增加，会导致购房成本增加，广大民众对房产的购买力也会出现下降，炒房客也就没办法及时将手中的房产出手。因为很多炒房客都会利用杠杆来套现，房产没办法短期出手会让炒房客受到很大的冲击，起到很好的打击压制效果，那么房贷利率对我们需要买房的普通人有什么好处呢？房贷利率上涨有什么好处其实很多人都认为房贷利率的上涨是非常不利于我们普通大众的，因为这代表着买房需要花费的金钱更多了，实际上这个想法是比较片面的，虽然短时间来看，房贷利率的上涨会让很多急需买房人的贷款压力变大，增加他们的负担，但其实如今利率上涨更多的是为了压制收割那些投资房产的炒房客，而很多买房刚需的大众只是被误伤的。另外从长远来看，房贷利率上涨反而会利好我们普通大众，因为如今的房地产开发商都是高杠杆运作，这就意味着周转率必须要高，但是房贷利率的上涨只会让越来越多的人在买房上犹豫，所以为了能卖出更多的房产，房子的价格势必会出现下降。据中泰证券的宏观分析师陈兴在2021年3月的报告显示，截至2020年底，我国商品房广义库存已经超过了70亿平方米，库存增速已超过了往年水平，虽然说广义库存包括了已开工未竣工的未销售期房，但是也说明了我国目前积压卖不动的房子是很多的。所以总的来说，刚需买房的“恭喜”了，虽然房贷利率的上涨确实会在短期内让买房的成本增加，但是长久来看，上涨的房贷利率是会让房价出现一定的下降的，你觉得未来房价会呈下降趋势么？欢迎在评论区讨论。,0,众所周知，买房一直都是我国人民的刚需之一，但是增速越来越快的房价却让很多人对买房望而却步，不过随着近几年我国对房价的反复调控，如今的房价虽然还很高，但增速已经开始放缓，据有关机构资料显示，截至2021年5月，我国百城新建住宅的价格为每平米16006元，环比仅上涨了0.34%。但是增速放缓并不能解决因房价过高大部分人买不起房的问题，迫于高房价，如今很多人想要买房只能选择贷款，据有关机构资料显示，如今我国需要还住房贷款的人已经超过了4亿，而房贷在这些人的总负债中占比达到了75.9%，可以说房贷对很多人来说都是一个很沉重的压力。不过让很多人没想到的是，在房价仍居高不下的今天，房贷利率也出现了上涨，像惠州各大银行的房贷利率就已经上调为首套5.6%至6.2%，而二套房的房贷利率甚至高达6%至6.5%，而其他城市的平均房贷利率也都出现了程度不同的上涨。
JG_8,JG,现在很多表面看着光鲜亮丽、财大气粗的房企，其实也不好混了。2021年开年以来，就有许多楼盘的房子不好卖，像温州更是有一些楼盘推出买房送车位、房源打九折还送车位的活动，要知道在以往，一个车位也是能卖不少钱的。新希望董事长刘永好曾经透露，这两年间已经有超过1000家房企转型去养猪了。房地产可是我国非常暴利的一个行业，若非迫不得已，这些房企怎么会去养猪了呢。这说明，现在很多房企是真的很艰难，而造成这个现象的主要原因有两个：一是这几年来我国对楼市的调控越来越严厉，招招打在了楼市的痛点上，二是我国住房需求已经过剩，供需关系发生了转变。不断升级的调控措施2019年开始，银保监会就严查银行保险资金违规流入楼市的现象，到2020年7月11日，银保监会发言人表示，企业和住户等部门的杠杆率在上升，2020年7月14日，银保监会就通报有违规资金流入房地产领域的情况。这场严查一直持续到2021年，2021年3月26日，中央三部委联合出台“防止经营贷违规流入楼市”的通知，要求各地严查严控违规资金进入房地产业，这就直接使房企的融资来源断了一大截。这还不止，住建部也出手了。2020年8月，住建部联合央行出台“三道红线”监管新规，规定房企如果负债率超标，就不能向银行贷款。如此一来，房企就只能想尽办法回款降低负债率。“三道红线”之后，“两条红线”也来了。央行联合银保监会发布的新规明确要求，自2021年1月1日起，要严格控制房企和个人向银行进行房地产贷款的比例，这意味着，房企以后向银行贷款的额度也被压缩了。重重压力之下，就有一些房企撑不住了，连福晟地产和泰禾地产这样的大房企都接连陷入了资金链紧张的困境中，有1000家房企转型养猪也就不足为奇了。住房需求过剩，市场规模缩小现如今，我国的房子数量已经超过了有买房需求的人口数量。央行有数据显示，我国的城镇居民住房拥有率已经达到了96%，平均是每户1.5套房，这说明现在城镇家庭里，大部分能买得起房的，都已经买了，买不起的，短期内也就买不起了。同时，我国的人均住房面积已经接近40平方米，远高于许多欧美发达国家的人均住房面积。房子有了，面积还不小，这就代表着，很多人短期内没有买房的硬性需求，也不急着买改善型住房。但我国每年新建的住房面积还不小，国家统计局的数据显示，2021年第一季度我国住宅新开工面积多达12736万平方米，增长了68.5%。这就造成供大于求的局面，而且库存量也增多了。中泰证券有数据显示，到2020年底时，我国的商品房广义库存就已经超过了70亿平方米，去化周期高达48.9个月。同时，人们的观念也逐渐发生了转变，“房住不炒”已经深入人心，很多人都期盼着房价能降下来，暂停买房计划的人也不少，就连二手房降价都不好卖了。在当下这种楼市行情不被看好的情况下，不少人就觉得，房价一定会跌的，搞不好还会大跌。对于房价跌不跌这个问题，央媒和一些房企大佬也有自己的看法。房价到底能跌多少？我国房价要跌的话，到底能跌多少，这是许多人心中的疑问，著名的金融专家朱云来2021年5月在一次论坛上就表示，要下跌27%才合理。下跌幅度这么大，到底行不行？融创董事长孙宏斌在2017年5月的股东周年大会上说过，如果房价跌了30%，那么房地产公司就都死了。无独有偶，2018年SOHO中国的潘石屹也在一次财务数据发布会上说过，如果我国的房价下降20%甚至是50%，那很多房地产公司就会倒闭了。两位房企大佬的观点一致，都认为我国房价不能大幅下跌，不能出现像朱云来说的下跌27%的情况。房地产业是我国经济结构里的支柱性产业，影响着许多的行业，对经济稳定有着很重要的作用。因此，早在2019年7月时，人民日报就发表文章《中国房地产市场拒绝“大起大落”》明确表态，中国房地产市场不会大起大落，保持平稳有序才是大概率事件。到了2021年3月5日，政府报告中也提到，对楼市要做到三稳：稳地价、稳房价、稳预期。这其实就是给楼市调控定了基调，房价只能稳，不可以大幅上涨，但是也不可以大幅下跌。高房价是许多人的“心头病”，现在能有这么多房企经营困难，就已经说明调控是有效的。因此，虽然人们热切盼望的房价大跌不会出现，但是随着调控的加紧，房价会出现微涨或是微跌的情况，对想买房的人来说，这也是个好消息了。现在很多表面看着光鲜亮丽、财大气粗的房企，其实也不好混了。2021年开年以来，就有许多楼盘的房子不好卖，像温州更是有一些楼盘推出买房送车位、房源打九折还送车位的活动，要知道在以往，一个车位也是能卖不少钱的。新希望董事长刘永好曾经透露，这两年间已经有超过1000家房企转型去养猪了。房地产可是我国非常暴利的一个行业，若非迫不得已，这些房企怎么会去养猪了呢。这说明，现在很多房企是真的很艰难，而造成这个现象的主要原因有两个：一是这几年来我国对楼市的调控越来越严厉，招招打在了楼市的痛点上，二是我国住房需求已经过剩，供需关系发生了转变。不断升级的调控措施2019年开始，银保监会就严查银行保险资金违规流入楼市的现象，到2020年7月11日，银保监会发言人表示，企业和住户等部门的杠杆率在上升，2020年7月14日，银保监会就通报有违规资金流入房地产领域的情况。这场严查一直持续到2021年，2021年3月26日，中央三部委联合出台“防止经营贷违规流入楼市”的通知，要求各地严查严控违规资金进入房地产业，这就直接使房企的融资来源断了一大截。这还不止，住建部也出手了。2020年8月，住建部联合央行出台“三道红线”监管新规，规定房企如果负债率超标，就不能向银行贷款。如此一来，房企就只能想尽办法回款降低负债率。“三道红线”之后，“两条红线”也来了。央行联合银保监会发布的新规明确要求，自2021年1月1日起，要严格控制房企和个人向银行进行房地产贷款的比例，这意味着，房企以后向银行贷款的额度也被压缩了。重重压力之下，就有一些房企撑不住了，连福晟地产和泰禾地产这样的大房企都接连陷入了资金链紧张的困境中，有1000家房企转型养猪也就不足为奇了。住房需求过剩，市场规模缩小现如今，我国的房子数量已经超过了有买房需求的人口数量。央行有数据显示，我国的城镇居民住房拥有率已经达到了96%，平均是每户1.5套房，这说明现在城镇家庭里，大部分能买得起房的，都已经买了，买不起的，短期内也就买不起了。同时，我国的人均住房面积已经接近40平方米，远高于许多欧美发达国家的人均住房面积。房子有了，面积还不小，这就代表着，很多人短期内没有买房的硬性需求，也不急着买改善型住房。但我国每年新建的住房面积还不小，国家统计局的数据显示，2021年第一季度我国住宅新开工面积多达12736万平方米，增长了68.5%。这就造成供大于求的局面，而且库存量也增多了。中泰证券有数据显示，到2020年底时，我国的商品房广义库存就已经超过了70亿平方米，去化周期高达48.9个月。同时，人们的观念也逐渐发生了转变，“房住不炒”已经深入人心，很多人都期盼着房价能降下来，暂停买房计划的人也不少，就连二手房降价都不好卖了。在当下这种楼市行情不被看好的情况下，不少人就觉得，房价一定会跌的，搞不好还会大跌。对于房价跌不跌这个问题，央媒和一些房企大佬也有自己的看法。房价到底能跌多少？我国房价要跌的话，到底能跌多少，这是许多人心中的疑问，著名的金融专家朱云来2021年5月在一次论坛上就表示，要下跌27%才合理。下跌幅度这么大，到底行不行？融创董事长孙宏斌在2017年5月的股东周年大会上说过，如果房价跌了30%，那么房地产公司就都死了。无独有偶，2018年SOHO中国的潘石屹也在一次财务数据发布会上说过，如果我国的房价下降20%甚至是50%，那很多房地产公司就会倒闭了。两位房企大佬的观点一致，都认为我国房价不能大幅下跌，不能出现像朱云来说的下跌27%的情况。房地产业是我国经济结构里的支柱性产业，影响着许多的行业，对经济稳定有着很重要的作用。因此，早在2019年7月时，人民日报就发表文章《中国房地产市场拒绝“大起大落”》明确表态，中国房地产市场不会大起大落，保持平稳有序才是大概率事件。到了2021年3月5日，政府报告中也提到，对楼市要做到三稳：稳地价、稳房价、稳预期。这其实就是给楼市调控定了基调，房价只能稳，不可以大幅上涨，但是也不可以大幅下跌。高房价是许多人的“心头病”，现在能有这么多房企经营困难，就已经说明调控是有效的。因此，虽然人们热切盼望的房价大跌不会出现，但是随着调控的加紧，房价会出现微涨或是微跌的情况，对想买房的人来说，这也是个好消息了。,0,现在很多表面看着光鲜亮丽、财大气粗的房企，其实也不好混了。2021年开年以来，就有许多楼盘的房子不好卖，像温州更是有一些楼盘推出买房送车位、房源打九折还送车位的活动，要知道在以往，一个车位也是能卖不少钱的。新希望董事长刘永好曾经透露，这两年间已经有超过1000家房企转型去养猪了。房地产可是我国非常暴利的一个行业，若非迫不得已，这些房企怎么会去养猪了呢。这说明，现在很多房企是真的很艰难，而造成这个现象的主要原因有两个：一是这几年来我国对楼市的调控越来越严厉，招招打在了楼市的痛点上，二是我国住房需求已经过剩，供需关系发生了转变。不断升级的调控措施2019年开始，银保监会就严查银行保险资金违规流入楼市的现象，到2020年7月11日，银保监会发言人表示，企业和住户等部门的杠杆率在上升，2020年7月14日，银保监会就通报有违规资金流入房地产领域的情况。
JG_9,JG,房价又涨了！就在2021年5月17日，国家统计局公布了4月70城房价信息，其中显示，有62个城市新房的价格较3月都有上涨，还有54个城市的二手房价上涨。据国家统计局城市司首席统计师绳国庆表示，4月房价涨幅再次扩大。要知道，我国一直在加大力度对房地产市场进行“整改”，大家都以为，高房价的问题或许能被“解决”，可现如今房价却仍旧在上涨，让房价未来的走势变得“扑朔迷离”。最主要的是，对于那些即将要买房的购房者来说，就会很“疑惑”，究竟2021年乃至未来两三年要不要买房呢？从多方面分析，如果今明两年真的要买房的话，可能会遇到3个“坏消息”，大家在买房前一定要留心。房价“分化”，有人没钱买，有人“亏本”第一，房价的变化将迎来“两极分化”。根据社科院最新发布的报告，2021年，我国的房地产市场将根据“房住不炒”等定位继续“调控”下去。据报告表示，我国的房价会加剧“两极分化”。也就是说，“大城市”和“小城市”之间的差别会越来越大，要知道，如今我国的房市就已经表现出了这种“差异”，北上广深等地区房价即便在调控之下仍旧未有下降趋势，而那些经济欠发达的小城市却出现了“白菜价”的房子。也就是说，2021年，很有可能出现，一、二线城市房价持续上涨，而三、四线城市的房价却会持平甚至下降的情况。这样一来，对于生活在一二线城市的购房者来说，如果此刻没买房，可能以后就更贵了。而对于一些小城市的购房者来说，买房极有可能会“亏本”。央媒发声：警惕“烂尾”风险第二，新房的“烂尾”风险普遍增加。大家都知道，如今买房基本上都是期房，也就是先交钱，后交房，而这种预售制度之下，就很有可能会出现房子烂尾的情况，而在2021年，这种风险或许会大大增加。自2020年以来，我国多家房企均出现了或大或小的债务“危机”，其中还包括了华夏幸福、泰禾等“标杆”企业。而债务的危机很有可能会导致这些房企的楼盘出现烂尾的情况。2021年4月，新华社公开表示，目前我国许多地区都频发“烂尾楼”事件。而且，以前的时候，烂尾楼多在三四线城市，可现如今，包括北京、上海在内的一线城市都出现了烂尾楼。这种情况其实也在意料之中，毕竟我国的房企基本都是高杠杆经营，负债率过高，加之国家出手对于楼市的调控，比如“三条红线”的出台，高杠杆的经营模式将被严加“控制”。这无疑是给了众多房企重重地“一击”。而最终为此“买单”的其实还是消费者。所以说，接下来的日子，烂尾事件有可能会增加，大家买房的时候一定要留心。首付凑齐，贷款难批第三，就算首付凑齐，贷款可能会“难批”。对房地产市场进行“整改”，不仅要从房子方面入手，在金融方面也要出手。如今房价居高不下，百姓们买房子的首要途径就是贷款。如果说要控制房价，那么贷款也要严加“控制”。根据央行、银保监会共同下发的通知，从2021年开始，规定了银行机构的房产贷款和个人房贷的占比。简单来说，就是国家“收紧”了房贷。接下来，未达到合理范围的占比，各大银行对于房贷的审批可能会更“严格”，因此可能会出现申请不下来房贷的情况。对于购房者来说，就算凑够了首付，可能也无法申请到贷款，无法买房。总的来说，如果2021年想要买房，可能会面临这3个“坏消息”：房贷申请困难、烂尾风险增加、房价两极分化，对于想要买房的人来说，一定要留意一下这3点，小心受到影响。当然，即便没有这些坏消息，买房对于每个人来说，都是一件大事，不要随便出手，除了根据自身情况分析，还要了解房子所在地区的房价趋势，做好万全的准备再买房。不知道大家有没有买房呢？有没有买房的打算呢？欢迎留言讨论。,0,房价又涨了！就在2021年5月17日，国家统计局公布了4月70城房价信息，其中显示，有62个城市新房的价格较3月都有上涨，还有54个城市的二手房价上涨。据国家统计局城市司首席统计师绳国庆表示，4月房价涨幅再次扩大。要知道，我国一直在加大力度对房地产市场进行“整改”，大家都以为，高房价的问题或许能被“解决”，可现如今房价却仍旧在上涨，让房价未来的走势变得“扑朔迷离”。最主要的是，对于那些即将要买房的购房者来说，就会很“疑惑”，究竟2021年乃至未来两三年要不要买房呢？从多方面分析，如果今明两年真的要买房的话，可能会遇到3个“坏消息”，大家在买房前一定要留心。房价“分化”，有人没钱买，有人“亏本”第一，房价的变化将迎来“两极分化”。
